{
    "corners": [
        {
            "id": 1,
            "x_m": 80.7333223470019,
            "y_m": 64.79477839485794,
            "turn_angle_deg": -90.0,
            "manhattan_error_deg": 0.0
        },
        {
            "id": 2,
            "x_m": 103.45820019283686,
            "y_m": -24.450741605877184,
            "turn_angle_deg": -90.00000000000001,
            "manhattan_error_deg": 1.4210854715202004e-14
        },
        {
            "id": 3,
            "x_m": -51.94981765247551,
            "y_m": -64.02279207708258,
            "turn_angle_deg": -90.0,
            "manhattan_error_deg": 0.0
        },
        {
            "id": 4,
            "x_m": -74.67469549831046,
            "y_m": 25.222727923652528,
            "turn_angle_deg": -90.0,
            "manhattan_error_deg": 0.0
        }
    ],
    "mean_error": 3.552713678800501e-15,
    "max_error": 1.4210854715202004e-14,
    "is_manhattan": true
}